<?xml version="1.0"?>  
<class>  
    <geek>  
        <id>abc</id>
		<username>geek1</username>   
        <EnrolledCourse>D.S.A</EnrolledCourse>
        <mode>online self paced</mode>
        <duration>Lifetime</duration>  
    </geek>  
        
    <geek>  
        <id>2</id>  
        <username>geek2</username>  
        <EnrolledCourse>System Design</EnrolledCourse>  
        <mode>online live course</mode>
        <duration>10 Lectures</duration>  
    </geek>  
    
    <geek>  
        <id>3</id>  
        <username>geek3</username>  
        <EnrolledCourse>Competitive Programming</EnrolledCourse> 
        <mode>online live course</mode> 
        <duration>8 weeks</duration>  
    </geek>  
    
    <geek>  
        <id>4</id>  
        <username>geek4</username>  
        <EnrolledCourse>Complete Interview Preparation</EnrolledCourse> 
        <mode>online self paced</mode> 
        <duration>Lifetime</duration>  
    </geek>  
    
</class>