<?xml version="1.0" encoding="UTF-8"?>

<beans xmlns="http://www.springframework.org/schema/beans"
    xmlns:xsi="http://www.w3.org/2001/XMLSchema-instance"
    xmlns:context="http://www.springframework.org/schema/context"
    xsi:schemaLocation="http://www.springframework.org/schema/beans http://www.springframework.org/schema/beans/spring-beans.xsd
    http://www.springframework.org/schema/context http://www.springframework.org/schema/context/spring-context.xsd">

<!--<bean id="doctor" class="demo.Doctor">
 <property name="qualification" value="MBBS"></property>
<property name="nurse" ref="nurse"></property> 
<constructor-arg value="MBBS constructor"></constructor-arg>
</bean>
<bean id="nurse" class="demo.Nurse"></bean>-->

<context:component-scan base-package="demo"></context:component-scan>

</beans>